ID,X
1,29.65634541
2,34.91310296
3,28.33064972
4,33.42132785
5,36.27253943
6,24.69510601
7,25.22124163
8,27.46928918
9,24.99994921
10,37.66660303
11,34.76866407
12,35.21617989
13,26.34945046
14,30.17446418
15,26.79540286
16,21.84293625
17,32.25012079
18,28.70397776
19,22.33843506
20,24.81055661
21,60
